101,Kyra,Macias,1981-04-03 17:30:03
102,Erica,Berger,1965-07-19 18:21:57
103,Kaitlin,Ellis,1961-05-24 13:00:38
104,Sonya,Nelson,1970-06-27 15:10:05
105,Graiden,Wynn,1965-06-12 16:43:16
106,Amethyst,Nunez,1952-11-20 00:01:49
107,Justine,Carlson,1982-12-16 00:26:53
108,Dennis,Molina,1980-12-15 08:16:08
109,Adena,Rosales,1986-11-06 14:38:10
110,Burke,Morrison,1989-05-09 01:05:00
111,Macon,Galloway,1960-01-29 00:46:28
112,Todd,Greer,1952-09-29 10:48:45
113,Aretha,Norton,1972-06-13 09:20:58
114,Zephania,Cortez,1969-05-22 11:45:59
115,Ishmael,Wolfe,1978-12-28 16:16:59
116,Todd,Day,1953-10-12 20:13:00
117,Gareth,Mckay,1970-02-21 23:30:54
118,Amir,Vargas,1951-07-13 13:44:11
119,Darius,Baker,1954-11-26 23:32:23
120,Rajah,Wise,1960-05-07 08:38:16
121,Avram,Walsh,1976-07-05 17:49:08
122,Hilel,Nieves,1952-04-11 06:09:28
123,Veda,Higgins,1953-05-19 07:10:46
124,Armando,Tran,1987-11-13 14:59:36
125,Nichole,Rowe,1961-07-21 10:02:48
126,Zephr,Warren,1985-05-20 20:01:19
127,Clayton,Thompson,1980-11-09 03:05:25
128,Clark,Underwood,1982-11-15 01:53:07
129,Daniel,Swanson,1952-09-20 00:02:44
130,Kathleen,Shannon,1962-05-30 05:22:58
131,Priscilla,Martin,1952-10-28 21:23:10
132,Skyler,Adkins,1955-06-14 16:35:00
133,Erica,Logan,1955-11-03 17:55:53
134,Damon,Wells,1988-07-19 10:16:20
135,Macaulay,Odonnell,1971-05-21 23:55:52
136,Ruby,Wilcox,1956-04-09 07:47:36
137,Hannah,Leach,1990-08-13 09:14:19
138,Mia,Downs,1988-06-09 14:55:45
139,Erasmus,Arnold,1957-10-08 23:44:56
140,Ivor,Ellis,1987-12-08 02:57:24
141,Ulla,Warren,1956-01-28 18:06:57
142,Meredith,Mcpherson,1956-03-29 01:00:41
143,Sebastian,Raymond,1967-02-13 04:45:27
144,Harrison,Rich,1983-03-14 00:18:16
145,Carissa,Huff,1953-06-21 07:58:10
146,Hedy,Campbell,1957-04-25 09:37:13
147,Dale,Conway,1976-07-06 04:31:00
148,Stella,Lloyd,1961-08-08 00:18:03
149,Jaden,Fisher,1958-05-25 11:37:28
150,Graham,Hess,1981-08-21 15:21:00
151,Stella,Joyce,1987-09-09 11:09:37
152,Aurora,Bridges,1959-08-06 13:10:04
153,Joelle,Church,1951-11-16 22:32:33
154,Ann,Preston,1989-12-08 07:15:43
155,Yuri,Crawford,1961-07-21 11:52:57
156,Tyler,Gibbs,1967-07-27 02:18:40
157,Lila,Middleton,1985-01-25 11:53:03
158,Victor,Flynn,1990-04-11 11:20:05
159,Oprah,Marquez,1987-10-31 00:31:23
160,Ethan,Carey,1977-05-13 10:58:23
161,Price,Cervantes,1976-02-02 09:18:28
162,Elliott,Richmond,1986-01-29 09:33:37
163,Gregory,Taylor,1981-07-18 12:50:32
164,Dakota,Copeland,1962-11-13 16:22:40
165,Cody,Guzman,1975-12-16 16:50:10
166,Arden,Bass,1961-09-05 21:53:30
167,Aristotle,Montoya,1983-10-05 16:50:44
168,Vladimir,Ewing,1966-04-28 09:16:34
169,Laura,Murray,1989-06-02 02:46:39
170,Eliana,Mcgee,1974-07-12 10:08:29
171,Tanisha,Obrien,1959-03-15 12:59:26
172,Jackson,Mayo,1987-09-11 06:56:22
173,Maxwell,Sargent,1959-09-06 14:31:06
174,Teagan,Kent,1967-03-17 19:03:23
175,Lev,Hernandez,1957-04-26 23:12:26
176,Lars,Carr,1953-11-01 07:29:53
177,Wang,Koch,1979-03-27 12:19:23
178,Rigel,Edwards,1974-08-20 01:55:03
179,Olga,Flores,1967-06-13 04:07:08
180,Laura,Owen,1953-11-20 04:34:25
181,Scott,Bridges,1982-09-10 19:45:43
182,Bevis,Gentry,1961-09-19 02:09:10
183,Colleen,Frye,1973-04-07 12:54:19
184,Kendall,Hopper,1977-12-28 18:49:26
185,Uriah,Kennedy,1955-07-17 17:19:34
186,Ishmael,Ford,1980-01-06 05:52:44
187,Graiden,Hall,1988-10-28 06:10:37
188,Galvin,Nunez,1968-04-29 11:29:12
189,Zena,Shepherd,1983-10-03 17:53:18
190,Azalia,Preston,1964-07-04 10:48:18
191,Lila,Robinson,1982-10-08 12:26:17
192,Garth,Fuentes,1988-08-13 18:07:09
193,Emery,Kim,1967-06-17 05:39:46
194,Shea,Bean,1990-01-03 05:46:30
195,Logan,Mcclure,1967-10-16 08:22:50
196,Olympia,Espinoza,1967-05-17 11:39:32
197,Louis,William,1967-06-08 00:04:19
198,Dylan,Fulton,1962-05-30 13:48:38
199,Raphael,Armstrong,1956-11-26 21:32:17
200,Zoe,Nelson,1973-01-12 17:19:30